character,Ant-Man,Avengers: Age of Ultron,Avengers: Endgame,Avengers: Infinity War,Black Panther,Captain America: Civil War,Captain America: The First Avenger,Captain America: The Winter Soldier,Captain Marvel,Guardians of the Galaxy Vol. 2,Iron Man,Iron Man 2,Iron Man 3,Spider-Man: Homecoming,The Avengers,Thor,Thor: Ragnarok,Thor: The Dark World
TONY STARK,0,173,137,119,0,165,0,0,0,0,252,335,358,74,152,0,0,0
STEVE ROGERS,3,133,119,25,0,154,186,218,3,0,0,0,0,7,121,0,0,0
THOR,0,55,70,74,0,0,0,0,0,0,0,0,0,0,47,166,289,133
PETER PARKER,0,0,7,39,0,73,0,0,0,0,0,0,0,402,0,0,0,0
NATASHA ROMANOFF,1,79,69,15,0,64,0,112,3,0,0,55,0,0,97,0,1,0
PEPPER POTTS,0,0,15,21,0,0,0,0,0,0,114,157,88,7,29,0,0,0
BRUCE BANNER,0,83,93,45,0,0,0,0,2,0,0,0,7,0,84,0,62,0
NICK FURY,0,26,0,7,0,0,5,68,120,0,0,28,0,0,109,0,0,0
LOKI,0,0,1,6,0,0,0,0,0,0,0,0,0,0,68,91,74,76
SCOTT LANG,222,0,70,0,0,22,0,0,0,0,0,0,0,0,0,0,0,0
JAMES RHODES,0,20,38,17,0,25,0,0,2,0,67,80,63,0,0,0,0,0
PETER QUILL,0,0,8,79,0,0,0,0,0,183,0,0,0,0,0,0,0,0
CAROL DANVERS,0,0,18,0,0,0,0,0,211,0,0,0,0,0,0,0,0,0
JANE FOSTER,0,0,2,0,0,0,0,0,0,0,0,0,0,0,0,119,0,106
ROCKET,0,0,51,46,0,0,0,0,0,120,0,0,0,0,0,0,0,0
CLINT BARTON,0,69,44,0,0,27,0,0,0,0,0,0,0,0,43,1,0,0
SAM WILSON,14,4,16,9,0,63,0,67,0,0,0,0,0,0,0,0,0,0
GAMORA,0,0,22,44,0,0,0,0,0,105,0,0,0,0,0,0,0,0
T'CHALLA,0,0,1,17,125,28,0,0,0,0,0,0,0,0,0,0,0,0
HAPPY HOGAN,0,0,4,0,0,0,0,0,0,0,2,40,53,59,0,0,0,0
HANK PYM,140,0,5,0,0,0,0,0,0,0,0,0,0,0,0,0,0,0
ODIN,0,0,0,0,0,0,0,0,0,0,0,0,0,0,0,47,25,62
JARVIS,0,24,0,0,0,0,0,0,0,0,34,20,44,0,13,0,0,0
NED LEEDS,0,0,0,1,0,0,0,0,0,0,0,0,0,130,0,0,0,0
ERIK SELVIG,0,6,0,0,0,0,0,0,0,0,0,0,0,0,19,69,0,29
PHIL COULSON,0,0,0,0,0,0,0,0,13,0,18,12,0,0,42,26,0,0
BUCKY BARNES,0,0,2,8,0,42,42,13,0,0,0,0,0,0,0,0,0,0
THANOS,0,1,36,70,0,0,0,0,0,0,0,0,0,0,0,0,0,0
DRAX,0,0,1,28,0,0,0,0,0,79,0,0,0,0,0,0,0,0
WANDA MAXIMOFF,0,36,4,30,0,35,0,0,0,0,0,0,0,0,0,0,0,0
DARCY LEWIS,0,0,0,0,0,0,0,0,0,0,0,0,0,0,0,39,0,53
ADRIAN TOOMES,0,0,0,0,0,0,0,0,0,0,0,0,0,95,0,0,0,0
PEGGY CARTER,3,3,4,0,0,0,76,7,0,0,0,0,0,0,1,0,0,0
SHURI,0,0,0,6,87,0,0,0,0,0,0,0,0,0,0,0,0,0
HOPE VAN DYNE,90,0,2,0,0,0,0,0,0,0,0,0,0,0,0,0,0,0
VALKYRIE,0,0,12,0,0,0,0,0,0,0,0,0,0,0,0,0,78,0
LUIS,82,0,0,0,0,0,0,0,0,0,0,0,0,0,0,0,0,0
JUSTIN HAMMER,0,0,0,0,0,0,0,0,0,0,0,82,0,0,0,0,0,0
ULTRON,0,81,0,0,0,0,0,0,0,0,0,0,0,0,0,0,0,0
MARIA HILL,0,24,0,6,0,0,0,23,0,0,0,0,0,0,27,0,0,0
NEBULA,0,0,31,8,0,0,0,0,0,36,0,0,0,0,0,0,0,0
STEPHEN STRANGE,0,0,2,57,0,0,0,0,0,0,0,0,0,0,0,0,18,0
VISION,0,19,0,26,0,31,0,0,0,0,0,0,0,0,0,0,0,0
VOLSTAGG,0,0,0,0,0,0,0,0,0,0,0,0,0,0,0,62,1,8
NAKIA,0,0,0,0,71,0,0,0,0,0,0,0,0,0,0,0,0,0
LIZ TOOMES,0,0,0,0,0,0,0,0,0,0,0,0,0,69,0,0,0,0
YON-ROGG,0,0,0,0,0,0,0,0,69,0,0,0,0,0,0,0,0,0
YONDU,0,0,0,0,0,0,0,0,0,69,0,0,0,0,0,0,0,0
FRIGGA,0,0,19,0,0,0,0,0,0,0,0,0,0,0,0,22,0,22
OKOYE,0,0,3,11,53,0,0,0,0,0,0,0,0,0,0,0,0,0
KAREN,0,0,0,0,0,0,0,0,0,0,0,0,0,66,0,0,0,0
MANTIS,0,0,1,17,0,0,0,0,0,46,0,0,0,0,0,0,0,0
EVERETT ROSS,0,0,0,0,57,6,0,0,0,0,0,0,0,0,0,0,0,0
MAYA HANSEN,0,0,0,0,0,0,0,0,0,0,0,0,61,0,0,0,0,0
HOWARD STARK,5,0,23,0,0,6,23,0,0,0,0,4,0,0,0,0,0,0
SIF,0,0,0,0,0,0,0,0,0,0,0,0,0,0,0,44,0,14
ALEXANDER PIERCE,0,0,5,0,0,0,0,55,0,0,0,0,0,0,0,0,0,0
COL. CHESTER PHILLIPS,0,0,0,0,0,0,60,0,0,0,0,0,0,0,0,0,0,0
TALOS,0,0,0,0,0,0,0,0,59,0,0,0,0,0,0,0,0,0
ALDRICH KILLIAN,0,0,0,0,0,0,0,0,0,0,0,0,58,0,0,0,0,0
EGO,0,0,0,0,0,0,0,0,0,57,0,0,0,0,0,0,0,0
FANDRAL,0,0,0,0,0,0,0,0,0,0,0,0,0,0,0,49,0,8
RED SKULL,0,0,5,9,0,0,41,0,0,0,0,0,0,0,0,0,0,0
DARREN CROSS,53,0,0,0,0,0,0,0,0,0,0,0,0,0,0,0,0,0
N'JADAKA (KILLMONGER),0,0,0,0,53,0,0,0,0,0,0,0,0,0,0,0,0,0
HEIMDALL,0,4,0,1,0,0,0,0,0,0,0,0,0,0,0,17,13,17
HARLEY KEENER,0,0,0,0,0,0,0,0,0,0,0,0,52,0,0,0,0,0
OBADIAH STANE,0,0,0,0,0,0,0,0,0,0,52,0,0,0,0,0,0,0
"JAMES ""JIM"" PAXTON",46,0,0,0,0,0,0,0,0,0,0,0,0,0,0,0,0,0
BROCK RUMLOW,0,0,3,0,0,8,0,34,0,0,0,0,0,0,0,0,0,0
MAY PARKER,0,0,0,0,0,10,0,0,0,0,0,0,0,34,0,0,0,0
MARIA RAMBEAU,0,0,0,0,0,0,0,0,43,0,0,0,0,0,0,0,0,0
HULK,0,0,0,2,0,0,0,0,0,0,0,0,0,0,1,0,39,0
DR. ARNIM ZOLA,0,0,0,0,0,0,30,13,0,0,0,0,0,0,0,0,0,0
YINSEN,0,0,0,0,0,0,0,0,0,0,41,0,0,0,0,0,0,0
FRIDAY,0,13,6,5,0,16,0,0,0,0,0,0,0,1,0,0,0,0
ULYSSES KLAUE,0,7,0,0,33,0,0,0,0,0,0,0,0,0,0,0,0,0
GRANDMASTER,0,0,0,0,0,0,0,0,0,0,0,0,0,0,0,0,38,0
SHARON CARTER,0,0,0,0,0,26,0,12,0,0,0,0,0,0,0,0,0,0
DR. ABRAHAM ERSKINE,0,0,0,0,0,0,36,0,0,0,0,0,0,0,0,0,0,0
IVAN VANKO,0,0,0,0,0,0,0,0,0,0,0,33,0,0,0,0,0,0
PHINEAS MASON,0,0,0,0,0,0,0,0,0,0,0,0,0,35,0,0,0,0
SENATOR STERN,0,0,0,0,0,0,0,5,0,0,0,29,0,0,0,0,0,0
DAVE,33,0,0,0,0,0,0,0,0,0,0,0,0,0,0,0,0,0
HELA,0,0,0,0,0,0,0,0,0,0,0,0,0,0,0,0,32,0
HELMUT ZEMO,0,0,0,0,0,32,0,0,0,0,0,0,0,0,0,0,0,0
CHRISTINE EVERHART,0,0,0,0,0,0,0,0,0,0,16,16,0,0,0,0,0,0
KORG,0,0,5,0,0,0,0,0,0,0,0,0,0,0,0,0,26,0
HERMAN SCHULTZ,0,0,0,0,0,0,0,0,0,0,0,0,0,27,0,0,0,0
KURT,28,0,0,0,0,0,0,0,0,0,0,0,0,0,0,0,0,0
CASSIE LANG,24,0,2,0,0,0,0,0,0,0,0,0,0,0,0,0,0,0
SECRETARY ROSS,0,0,0,8,0,16,0,0,0,0,0,0,0,0,0,0,0,0
MALEKITH,0,0,0,0,0,0,0,0,0,0,0,0,0,0,0,0,0,22
PIETRO MAXIMOFF,0,24,0,0,0,0,0,0,0,0,0,0,0,0,0,0,0,0
FLASH THOMPSON,0,0,0,0,0,0,0,0,0,0,0,0,0,24,0,0,0,0
GROOT,0,0,2,4,0,0,0,0,0,3,0,0,0,0,0,0,0,0
EBONY MAW,0,0,7,16,0,0,0,0,0,0,0,0,0,0,0,0,0,0
M'BAKU,0,0,0,3,20,0,0,0,0,0,0,0,0,0,0,0,0,0
RICHARD,0,0,0,0,0,0,0,0,0,0,0,0,0,0,0,0,0,23
AARON DAVIS,0,0,0,0,0,0,0,0,0,0,0,0,0,22,0,0,0,0
IAN BOOTHBY,0,0,0,0,0,0,0,0,0,0,0,0,0,0,0,0,0,22
JASPER SITWELL,0,0,0,0,0,0,0,21,0,0,0,0,0,0,0,0,0,0
ZURI,0,0,0,0,21,0,0,0,0,0,0,0,0,0,0,0,0,0
RAMONDA,0,0,0,0,21,0,0,0,0,0,0,0,0,0,0,0,0,0
ERIC SAVIN,0,0,0,0,0,0,0,0,0,0,0,0,21,0,0,0,0,0
BAD NEBULA,0,0,21,0,0,0,0,0,0,0,0,0,0,0,0,0,0,0
W'KABI,0,0,0,0,20,0,0,0,0,0,0,0,0,0,0,0,0,0
WENDY LAWSON,0,0,0,0,0,0,0,0,18,0,0,0,0,0,0,0,0,0
GARY,0,0,0,0,0,0,0,0,0,0,0,0,19,0,0,0,0,0
MAJOR ALLEN,0,0,0,0,0,0,0,0,0,0,15,5,0,0,0,0,0,0
LAUFEY,0,0,0,0,0,0,0,0,0,0,0,0,0,0,0,19,0,0
MONICA RAMBEAU,0,0,0,0,0,0,0,0,19,0,0,0,0,0,0,0,0,0
N'JOBU,0,0,0,0,18,0,0,0,0,0,0,0,0,0,0,0,0,0
LAURA BARTON,0,16,2,0,0,0,0,0,0,0,0,0,0,0,0,0,0,0
TREVOR SLATTERY,0,0,0,0,0,0,0,0,0,0,0,0,17,0,0,0,0,0
TASERFACE,0,0,0,0,0,0,0,0,0,17,0,0,0,0,0,0,0,0
DR. HELEN CHO,0,17,0,0,0,0,0,0,0,0,0,0,0,0,0,0,0,0
MAN,0,0,0,0,0,0,0,0,0,0,0,3,7,5,0,0,0,1
THE MANDARIN,0,0,0,0,0,0,0,0,0,0,0,0,16,0,0,0,0,0
AYESHA,0,0,0,0,0,0,0,0,0,16,0,0,0,0,0,0,0,0
ANCIENT ONE,0,0,16,0,0,0,0,0,0,0,0,0,0,0,0,0,0,0
BARON WOLFGANG VON STRUCKER,0,12,0,0,0,0,0,4,0,0,0,0,0,0,0,0,0,0
SECURITY GUARD,0,0,0,0,2,0,0,0,0,0,0,2,0,0,12,0,0,0
JACKSON BRICE,0,0,0,0,0,0,0,0,0,0,0,0,0,15,0,0,0,0
T'CHAKA,0,0,0,0,8,7,0,0,0,0,0,0,0,0,0,0,0,0
SKURGE,0,0,0,0,0,0,0,0,0,0,0,0,0,0,0,0,15,0
KRAGLIN,0,0,0,0,0,0,0,0,0,15,0,0,0,0,0,0,0,0
EITRI,0,0,0,15,0,0,0,0,0,0,0,0,0,0,0,0,0,0
MR. HARRINGTON,0,0,0,0,0,0,0,0,0,0,0,0,0,15,0,0,0,0
MAGGIE LANG,15,0,0,0,0,0,0,0,0,0,0,0,0,0,0,0,0,0
HOGUN,0,0,0,0,0,0,0,0,0,0,0,0,0,0,0,10,3,2
SUPREME INTELLIGENCE,0,0,0,0,0,0,0,0,14,0,0,0,0,0,0,0,0,0
"MICHELLE ""MJ"" JONES",0,0,0,0,0,0,0,0,0,0,0,0,0,14,0,0,0,0
SHIELD AGENT,0,0,0,0,0,0,5,4,0,0,0,1,0,0,2,2,0,0
FURY'S CAR,0,0,0,0,0,0,0,14,0,0,0,0,0,0,0,0,0,0
SURTUR,0,0,0,0,0,0,0,0,0,0,0,0,0,0,0,0,13,0
STAN LEE,0,2,1,1,1,1,0,0,1,1,0,1,0,2,1,0,1,0
DIRECTOR,0,0,0,0,0,0,1,0,12,0,0,0,0,0,0,0,0,0
MORGAN STARK,0,0,12,0,0,0,0,0,0,0,0,0,0,0,0,0,0,0
SHIELD COMPUTER,0,0,0,0,0,0,0,8,0,0,0,0,0,0,0,0,0,0
RAZA,0,0,0,0,0,0,0,0,0,0,12,0,0,0,0,0,0,0
MINN-ERVA,0,0,0,0,0,0,0,0,12,0,0,0,0,0,0,0,0,0
DORIS TOOMES,0,0,0,0,0,0,0,0,0,0,0,0,0,12,0,0,0,0
ACTOR THOR,0,0,0,0,0,0,0,0,0,0,0,0,0,0,0,0,12,0
SENATOR BRANDT,0,0,0,0,0,0,11,0,0,0,0,0,0,0,0,0,0,0
COUNCILMAN,0,0,0,0,0,0,0,0,0,0,0,0,0,0,11,0,0,0
WONG,0,0,1,10,0,0,0,0,0,0,0,0,0,0,0,0,0,0
PRESIDENT ELLIS,0,0,0,0,0,0,0,0,0,0,0,0,11,0,0,0,0,0
ACTOR LOKI,0,0,0,0,0,0,0,0,0,0,0,0,0,0,0,0,11,0
DALE,10,0,0,0,0,0,0,0,0,0,0,0,0,0,0,0,0,0
JAPSER SITWELL,0,0,3,0,0,0,0,0,0,0,0,0,0,0,2,5,0,0
BRANDT,0,0,0,0,0,0,0,0,0,0,0,0,10,0,0,0,0,0
KORATH,0,0,0,0,0,0,0,0,10,0,0,0,0,0,0,0,0,0
CHARLES MURPHY,0,0,0,0,0,0,0,0,0,0,0,0,0,10,0,0,0,0
DUM DUM DUGAN,0,0,0,0,0,0,10,0,0,0,0,0,0,0,0,0,0,0
MR. DELMAR,0,0,0,0,0,0,0,0,0,0,0,0,0,10,0,0,0,0
TOPAZ,0,0,0,0,0,0,0,0,0,0,0,0,0,0,0,0,10,0
ABRAHAM BROWN,0,0,0,0,0,0,0,0,0,0,0,0,0,10,0,0,0,0
STAKAR,0,0,0,0,0,0,0,0,0,9,0,0,0,0,0,0,0,0
COUNCILMAN ROCKWELL,0,0,0,0,0,0,0,9,0,0,0,0,0,0,0,0,0,0
MITCHELL CARSON,9,0,0,0,0,0,0,0,0,0,0,0,0,0,0,0,0,0
RONAN,0,0,0,0,0,0,0,0,9,0,0,0,0,0,0,0,0,0
VASILY KARPOV,0,0,0,0,0,9,0,0,0,0,0,0,0,0,0,0,0,0
QUINJET,0,0,0,0,0,0,0,0,0,0,0,0,0,0,0,0,5,0
GENERAL GABRIEL,0,0,0,0,0,0,0,0,0,0,8,0,0,0,0,0,0,0
NEWS REPORTER,0,0,0,0,0,0,0,0,0,0,0,6,0,0,0,0,0,2
THE COLLECTOR,0,0,0,0,0,0,0,0,0,0,0,0,0,0,0,0,0,8
GABE JONES,0,0,0,0,0,0,8,0,0,0,0,0,0,0,0,0,0,0
OFFICER,0,0,0,0,0,0,2,0,0,0,4,0,2,0,0,0,0,0
POLICE OFFICER,0,0,0,0,0,0,0,0,0,0,0,8,0,0,0,0,0,0
VIPER 1,0,0,0,0,0,0,0,0,0,0,8,0,0,0,0,0,0,0
MUSEUM DIRECTOR,0,0,0,0,8,0,0,0,0,0,0,0,0,0,0,0,0,0
DR. LIST,0,4,0,0,0,0,0,4,0,0,0,0,0,0,0,0,0,0
DOCTOR,0,0,0,0,0,0,0,8,0,0,0,0,0,0,0,0,0,0
A1 STEVE,0,0,8,0,0,0,0,0,0,0,0,0,0,0,0,0,0,0
JIM MORITA,0,0,0,0,0,0,8,0,0,0,0,0,0,0,0,0,0,0
SKRULL SCIENTIST,0,0,0,0,0,0,0,0,7,0,0,0,0,0,0,0,0,0
BETTY BRANT,0,0,0,0,0,0,0,0,0,0,0,0,0,8,0,0,0,0
JAMES MONTGOMERY FALSWORTH,0,0,0,0,0,0,8,0,0,0,0,0,0,0,0,0,0,0
ADMISSIONS NURSE,0,0,0,0,0,0,0,0,0,0,0,0,0,0,0,8,0,0
PROXIMA MIDNIGHT,0,0,0,8,0,0,0,0,0,0,0,0,0,0,0,0,0,0
GRIOT,0,0,0,0,8,0,0,0,0,0,0,0,0,0,0,0,0,0
WOMAN,0,0,0,0,0,0,1,0,0,0,1,2,4,0,0,0,0,0
BRON-CHAR,0,0,0,0,0,0,0,0,8,0,0,0,0,0,0,0,0,0
THE OTHER,0,0,0,0,0,0,0,0,0,0,0,0,0,0,7,0,0,0
YOUNG T'CHAKA,0,0,0,0,7,0,0,0,0,0,0,0,0,0,0,0,0,0
INTERCOM VOICE,0,0,0,0,0,0,0,0,0,0,0,0,0,0,7,0,0,0
GENERAL,0,0,0,0,0,0,1,0,0,0,0,6,0,0,0,0,0,0
ALGRIM,0,0,0,0,0,0,0,0,0,0,0,0,0,0,0,0,0,6
TOWER KEEPER,0,0,0,0,0,0,7,0,0,0,0,0,0,0,0,0,0,0
MARSHAL,0,0,0,0,0,0,0,0,0,0,0,7,0,0,0,0,0,0
GUARD #2,0,0,0,0,0,0,0,0,0,0,0,0,7,0,0,0,0,0
4F DOCTOR,0,0,0,0,0,0,7,0,0,0,0,0,0,0,0,0,0,0
USO SINGER,0,0,0,0,0,0,6,0,0,0,0,0,0,0,0,0,0,0
NEWS ANCHOR,0,0,0,0,0,0,0,0,0,0,0,0,0,6,0,0,0,0
VICE PRESIDENT,0,0,0,0,0,0,0,0,0,0,0,0,6,0,0,0,0,0
GEORGI LUCHKOV,0,0,0,0,0,0,0,0,0,0,0,0,0,0,6,0,0,0
VIPER 2,0,0,0,0,0,0,0,0,0,0,6,0,0,0,0,0,0,0
GERMAN INNKEEPER,0,0,0,0,0,6,0,0,0,0,0,0,0,0,0,0,0,0
GUARD,0,0,0,0,0,1,1,0,0,0,0,0,1,1,0,0,0,2
SHIELD LIEUTENANT,0,0,0,0,0,0,6,0,0,0,0,0,0,0,0,0,0,0
COUNCILWOMAN,0,0,0,0,0,0,0,0,0,0,0,0,0,0,6,0,0,0
MRS. DAVIS,0,0,0,0,0,0,0,0,0,0,0,0,6,0,0,0,0,0
SHIELD TECH,0,0,0,0,0,0,3,3,0,0,0,0,0,0,0,0,0,0
CINDY MOON,0,0,0,0,0,0,0,0,0,0,0,0,0,6,0,0,0,0
COMPUTER,3,0,0,0,0,0,0,1,2,0,0,0,0,0,0,0,0,0
FRENCH PIRATE #1,0,0,0,0,0,0,0,5,0,0,0,0,0,0,0,0,0,0
ABU,0,0,0,0,0,0,0,0,0,0,5,0,0,0,0,0,0,0
MARIA STARK,0,0,0,0,0,5,0,0,0,0,0,0,0,0,0,0,0,0
SEARCH TEAM LEADER,0,0,0,0,0,0,5,0,0,0,0,0,0,0,0,0,0,0
BRANDT’S AIDE,0,0,0,0,0,0,5,0,0,0,0,0,0,0,0,0,0,0
DRUNK TOWNIE JAKE,0,0,0,0,0,0,0,0,0,0,0,0,0,0,0,5,0,0
YOUNG TONY STARK,0,0,0,0,0,5,0,0,0,0,0,0,0,0,0,0,0,0
JASON IONELLO,0,0,0,0,0,0,0,0,0,0,0,0,0,5,0,0,0,0
ANNOUNCER,0,1,0,0,0,0,0,0,0,0,0,1,3,0,0,0,0,0
PVT. LORRAINE,0,0,0,0,0,0,5,0,0,0,0,0,0,0,0,0,0,0
ROSE HILLS SHERIFF,0,0,0,0,0,0,0,0,0,0,0,0,5,0,0,0,0,0
PILOT,0,0,0,0,0,0,0,1,1,0,0,0,0,0,1,0,0,2
MEREDITH QUILL,0,0,0,0,0,0,0,0,0,5,0,0,0,0,0,0,0,0
TOM,0,0,0,0,0,0,0,0,5,0,0,0,0,0,0,0,0,0
EINHERJAR GUARD,0,0,0,0,0,0,0,0,0,0,0,0,0,0,0,2,0,3
A1 THOR,0,0,5,0,0,0,0,0,0,0,0,0,0,0,0,0,0,0
AGENT,0,0,0,0,0,0,0,0,3,0,2,0,0,0,0,0,0,0
ISABELA,0,0,0,0,0,0,0,0,0,0,0,0,0,0,0,5,0,0
CHARLIE WEAPONS TECH,0,0,0,0,0,0,0,5,0,0,0,0,0,0,0,0,0,0
ATT-LASS,0,0,0,0,0,0,0,0,5,0,0,0,0,0,0,0,0,0
SECURITY,0,0,1,0,0,0,0,0,2,0,0,0,0,2,0,0,0,0
COLLECTOR,0,0,0,5,0,0,0,0,0,0,0,0,0,0,0,0,0,0
JACK,0,0,0,0,0,0,0,0,0,0,0,5,0,0,0,0,0,0
MINING TRIBE ELDER,0,0,0,0,5,0,0,0,0,0,0,0,0,0,0,0,0,0
YOUNG ZURI,0,0,0,0,5,0,0,0,0,0,0,0,0,0,0,0,0,0
STRAWBERRY MAN,0,0,0,0,0,0,0,0,0,0,0,5,0,0,0,0,0,0
LILA BARTON,0,2,3,0,0,0,0,0,0,0,0,0,0,0,0,0,0,0
SON,0,0,0,0,5,0,0,0,0,0,0,0,0,0,0,0,0,0
JACK TAGGART,0,0,0,0,0,0,0,0,0,0,0,0,5,0,0,0,0,0
CROWD,0,0,0,0,2,0,0,0,0,0,0,0,0,1,0,0,1,0
REPORTER,0,0,0,0,0,0,0,0,0,0,1,1,0,0,2,0,0,0
FATHER,0,0,0,0,4,0,0,0,0,0,0,0,0,0,0,0,0,0
SERGEANT DUFFY,0,0,0,0,0,0,3,1,0,0,0,0,0,0,0,0,0,0
MRS. SPENCER,0,0,0,0,0,4,0,0,0,0,0,0,0,0,0,0,0,0
GRIEVING MAN,0,0,4,0,0,0,0,0,0,0,0,0,0,0,0,0,0,0
ANNE MARIE HOAG,0,0,0,0,0,0,0,0,0,0,0,0,0,4,0,0,0,0
IRON LEGION,0,4,0,0,0,0,0,0,0,0,0,0,0,0,0,0,0,0
COUNCILMAN SINGH,0,0,0,0,0,0,0,4,0,0,0,0,0,0,0,0,0,0
ROEDER,0,0,0,0,0,0,4,0,0,0,0,0,0,0,0,0,0,0
SHAMAN,0,0,0,0,4,0,0,0,0,0,0,0,0,0,0,0,0,0
COACH WILSON,0,0,0,0,0,0,0,0,0,0,0,0,0,4,0,0,0,0
FRANK,4,0,0,0,0,0,0,0,0,0,0,0,0,0,0,0,0,0
HEAD ENGINEER,0,0,0,0,0,0,0,0,0,0,4,0,0,0,0,0,0,0
SCHNEIDER,0,0,0,0,0,0,4,0,0,0,0,0,0,0,0,0,0,0
MS. WARREN,0,0,0,0,0,0,0,0,0,0,0,0,0,4,0,0,0,0
RANDY,0,0,0,0,0,0,0,0,0,0,0,0,0,4,0,0,0,0
PRINCIPAL MORITA,0,0,0,0,0,0,0,0,0,0,0,0,0,4,0,0,0,0
MEDICAL EXAMINER,0,0,0,0,0,0,0,0,4,0,0,0,0,0,0,0,0,0
POLICE,0,0,0,0,0,0,0,0,0,0,0,0,0,4,0,0,0,0
MADAME B,0,4,0,0,0,0,0,0,0,0,0,0,0,0,0,0,0,0
APPLE EMPLOYEE,0,0,0,0,0,0,0,4,0,0,0,0,0,0,0,0,0,0
GILMORE HODGE,0,0,0,0,0,0,4,0,0,0,0,0,0,0,0,0,0,0
M.P.,0,0,4,0,0,0,0,0,0,0,0,0,0,0,0,0,0,0
COM TECH #1,0,0,0,0,0,0,0,4,0,0,0,0,0,0,0,0,0,0
TULLK,0,0,0,0,0,0,0,0,0,4,0,0,0,0,0,0,0,0
TECHNICIAN,0,0,0,0,0,0,0,0,0,0,0,4,0,0,0,0,0,0
CORVUS GLAIVE,0,0,1,3,0,0,0,0,0,0,0,0,0,0,0,0,0,0
DELIVERY TRUCK DRIVER,0,0,0,0,0,4,0,0,0,0,0,0,0,0,0,0,0,0
IRON MAN JIMMY,0,0,0,0,0,0,0,0,0,0,4,0,0,0,0,0,0,0
CHARLIE XO,0,0,0,0,0,0,0,4,0,0,0,0,0,0,0,0,0,0
FEMALE SHIELD AGENT,0,0,4,0,0,0,0,0,0,0,0,0,0,0,0,0,0,0
FRENCH PIRATE,0,0,0,0,0,0,0,4,0,0,0,0,0,0,0,0,0,0
OAKLAND KID #1,0,0,0,0,4,0,0,0,0,0,0,0,0,0,0,0,0,0
FORTRESS SOLDIER,0,4,0,0,0,0,0,0,0,0,0,0,0,0,0,0,0,0
RIVER TRIBE ELDER,0,0,0,0,4,0,0,0,0,0,0,0,0,0,0,0,0,0
MALE AGENT,0,0,3,0,0,0,0,0,0,0,0,0,0,0,1,0,0,0
HO YINSEN,0,0,0,0,0,0,0,0,0,0,0,0,4,0,0,0,0,0
GALE,4,0,0,0,0,0,0,0,0,0,0,0,0,0,0,0,0,0
YOUNG KILLMONGER,0,0,0,0,4,0,0,0,0,0,0,0,0,0,0,0,0,0
GIRL,0,0,0,0,0,0,0,0,0,0,0,0,0,4,0,0,0,0
EIR,0,0,0,0,0,0,0,0,0,0,0,0,0,0,0,0,0,4
YOUNG GAMORA,0,0,0,4,0,0,0,0,0,0,0,0,0,0,0,0,0,0
MALE NURSE,0,0,0,0,0,0,0,4,0,0,0,0,0,0,0,0,0,0
THE SMITHSONIAN NARRATOR,0,0,0,0,0,0,0,3,0,0,0,0,0,0,0,0,0,0
TECHIE,0,0,0,0,0,0,0,0,0,0,0,0,0,0,0,3,0,0
MIT TEACHER,0,0,0,0,0,3,0,0,0,0,0,0,0,0,0,0,0,0
NEWS ANCHOR #4,0,0,0,0,0,3,0,0,0,0,0,0,0,0,0,0,0,0
COMMERCIAL ANNOUNCER,0,0,0,0,0,0,3,0,0,0,0,0,0,0,0,0,0,0
A1 TONY,0,0,3,0,0,0,0,0,0,0,0,0,0,0,0,0,0,0
COMMITTEE GENERAL,0,0,0,0,0,0,0,3,0,0,0,0,0,0,0,0,0,0
HEINZ KRUGER,0,0,0,0,0,0,3,0,0,0,0,0,0,0,0,0,0,0
DRUNK TOWNIE,0,0,0,0,0,0,0,0,0,0,0,0,0,0,0,3,0,0
TOUR GUIDE,0,0,0,0,0,0,0,0,0,0,0,0,0,3,0,0,0,0
ADMIRAL,0,0,0,0,0,0,0,0,0,3,0,0,0,0,0,0,0,0
FEMALE WAR VETERAN,0,0,0,0,0,0,0,3,0,0,0,0,0,0,0,0,0,0
HUTTER,0,0,0,0,0,0,3,0,0,0,0,0,0,0,0,0,0,0
GEF THE RAVAGER,0,0,0,0,0,0,0,0,0,3,0,0,0,0,0,0,0,0
MODERATOR,0,0,0,0,0,0,0,0,0,0,0,0,0,3,0,0,0,0
SOREN,0,0,0,0,0,0,0,0,3,0,0,0,0,0,0,0,0,0
YOUNG GIRL,0,0,0,0,0,0,0,0,0,0,0,0,0,0,3,0,0,0
DESK OFFICER,0,0,0,0,0,0,0,0,0,0,0,0,0,0,0,0,0,3
OAKLAND KID #3,0,0,0,0,3,0,0,0,0,0,0,0,0,0,0,0,0,0
SPECIALIST CAMERON KLEIN,0,3,0,0,0,0,0,0,0,0,0,0,0,0,0,0,0,0
ICE CREAM STORE CUSTOMER,3,0,0,0,0,0,0,0,0,0,0,0,0,0,0,0,0,0
MILITARY AIDE,0,0,0,0,0,0,0,0,0,0,0,0,3,0,0,0,0,0
TOWNIE PETE,0,0,0,0,0,0,0,0,0,0,0,0,0,0,0,3,0,0
CHAMBERMAID,0,0,0,0,0,0,0,0,0,3,0,0,0,0,0,0,0,0
LOUD JERK,0,0,0,0,0,0,3,0,0,0,0,0,0,0,0,0,0,0
POLICE OFFICER #1,0,0,0,0,0,0,0,0,0,0,0,0,0,0,0,0,0,3
STUDENT,0,0,0,0,0,0,0,0,0,0,0,0,0,2,0,0,0,1
RETCH,0,0,0,0,0,0,0,0,0,3,0,0,0,0,0,0,0,0
NURSE,0,0,0,0,0,0,0,0,0,0,0,0,1,0,0,2,0,0
DETECTIVE,3,0,0,0,0,0,0,0,0,0,0,0,0,0,0,0,0,0
RENATA,0,0,0,0,0,0,0,3,0,0,0,0,0,0,0,0,0,0
SECURITY CHECKPOINT,0,0,0,0,0,0,0,0,3,0,0,0,0,0,0,0,0,0
KREE,0,0,0,0,0,0,0,0,3,0,0,0,0,0,0,0,0,0
ROBBER 1,0,0,0,0,0,0,0,0,0,0,0,0,0,3,0,0,0,0
STRIKE AGENT,0,0,0,0,0,0,0,3,0,0,0,0,0,0,0,0,0,0
ELON MUSK,0,0,0,0,0,0,0,0,0,0,0,3,0,0,0,0,0,0
AGENT CALE,0,0,0,0,0,0,0,0,0,0,0,0,0,0,0,3,0,0
LEAD SCRAPPER,0,0,0,0,0,0,0,0,0,0,0,0,0,0,0,0,3,0
PEACHY,3,0,0,0,0,0,0,0,0,0,0,0,0,0,0,0,0,0
POLICE OFFICER #2,0,0,0,0,0,0,0,0,0,0,0,0,0,0,0,0,0,3
GSG-9 SOLDIER,0,0,0,0,0,3,0,0,0,0,0,0,0,0,0,0,0,0
MOTHER,0,0,0,0,0,0,3,0,0,0,0,0,0,0,0,0,0,0
OAKLAND KID #2,0,0,0,0,3,0,0,0,0,0,0,0,0,0,0,0,0,0
MADDIE,0,0,0,0,0,0,0,0,0,0,0,0,0,0,0,0,0,3
AGENT GARRETT,0,0,0,0,0,0,0,0,0,0,0,0,0,0,0,3,0,0
CONNIE,0,0,0,0,0,0,3,0,0,0,0,0,0,0,0,0,0,0
DORA MILAJE 1,0,0,0,0,3,0,0,0,0,0,0,0,0,0,0,0,0,0
PRATT,0,0,0,0,0,0,0,0,0,0,3,0,0,0,0,0,0,0
ALPHA GUARD,3,0,0,0,0,0,0,0,0,0,0,0,0,0,0,0,0,0
ERIN,0,0,0,0,0,0,0,0,0,0,0,0,3,0,0,0,0,0
COM TECH #2,0,0,0,0,0,0,0,3,0,0,0,0,0,0,0,0,0,0
YOUNG BOY,0,0,0,0,0,0,3,0,0,0,0,0,0,0,0,0,0,0
ACCUSER,0,0,0,0,0,0,0,0,3,0,0,0,0,0,0,0,0,0
SALLY AVRIL,0,0,0,0,0,0,0,0,0,0,0,0,0,3,0,0,0,0
SHIELD AGENT #2,0,0,0,0,0,0,0,3,0,0,0,0,0,0,0,0,0,0
"BRIAN ""TINY"" MCKEEVER",0,0,0,0,0,0,0,0,0,0,0,0,0,3,0,0,0,0
PA,0,0,0,0,0,0,0,0,0,0,0,3,0,0,0,0,0,0
SOOTHING VOICE,0,0,0,0,0,0,0,0,0,0,0,0,0,0,0,0,2,0
DODGERS ANNOUNCER,0,0,0,0,0,0,2,0,0,0,0,0,0,0,0,0,0,0
ZEMO'S WIFE,0,0,0,0,0,2,0,0,0,0,0,0,0,0,0,0,0,0
NEWS ANCHOR #1,0,0,0,0,0,2,0,0,0,0,0,0,0,0,0,0,0,0
POLICE SERGEANT,0,0,0,0,0,0,0,0,0,0,0,0,0,0,2,0,0,0
SCUDDER,0,0,0,0,0,0,0,2,0,0,0,0,0,0,0,0,0,0
AKIHIKO,0,0,2,0,0,0,0,0,0,0,0,0,0,0,0,0,0,0
CARRIER BRIDGE TECH 1,0,0,0,0,0,0,0,0,0,0,0,0,0,0,2,0,0,0
GEORGES BATROC,0,0,0,0,0,0,0,2,0,0,0,0,0,0,0,0,0,0
EMCEE,0,0,0,0,0,0,0,0,0,0,0,0,2,0,0,0,0,0
RONIN,0,0,2,0,0,0,0,0,0,0,0,0,0,0,0,0,0,0
REPORTER #2,0,0,0,0,0,0,0,0,0,0,2,0,0,0,0,0,0,0
COUNCILWOMAN HAWLEY,0,0,0,0,0,0,0,2,0,0,0,0,0,0,0,0,0,0
JABARI WARRIORS,0,0,0,2,0,0,0,0,0,0,0,0,0,0,0,0,0,0
NEWS READER,0,0,0,0,0,0,0,0,0,0,0,2,0,0,0,0,0,0
EDWIN JARVIS,0,0,2,0,0,0,0,0,0,0,0,0,0,0,0,0,0,0
YOUNG T' CHAKA,0,0,0,0,2,0,0,0,0,0,0,0,0,0,0,0,0,0
ARMY HECKLER#1,0,0,0,0,0,0,2,0,0,0,0,0,0,0,0,0,0,0
CONTROL,0,0,0,0,0,0,0,0,0,0,0,0,0,0,0,0,0,2
MERCHANT TRIBE ELDER,0,0,0,0,2,0,0,0,0,0,0,0,0,0,0,0,0,0
WORKER,0,0,0,0,0,0,0,0,0,0,0,0,0,2,0,0,0,0
SHIELD WORKER,0,0,0,0,0,0,0,0,0,0,0,0,0,0,2,0,0,0
WOMAN ON PA,0,0,0,0,0,0,0,2,0,0,0,0,0,0,0,0,0,0
BORDER TRIBE ELDER,0,0,0,0,2,0,0,0,0,0,0,0,0,0,0,0,0,0
ANTON VANKO,0,0,0,0,0,0,0,0,0,0,0,2,0,0,0,0,0,0
CARINA,0,0,0,0,0,0,0,0,0,0,0,0,0,0,0,0,0,2
JET PILOT,0,0,0,0,0,0,0,0,0,0,0,0,0,0,2,0,0,0
COMPUTER VOICE,0,0,0,0,0,0,0,0,0,0,0,0,2,0,0,0,0,0
EINHERJAR LIEUTENANT,0,0,0,0,0,0,0,0,0,0,0,0,0,0,0,0,0,2
MAN ON PA,0,0,0,0,0,0,0,2,0,0,0,0,0,0,0,0,0,0
MERCENARY #1,0,0,0,0,0,2,0,0,0,0,0,0,0,0,0,0,0,0
OBLO,0,0,0,0,0,0,0,0,0,2,0,0,0,0,0,0,0,0
STREET VENDOR,0,0,0,0,0,0,0,0,0,0,0,0,0,2,0,0,0,0
COLLEGE GIRL 1,0,0,0,0,0,0,0,0,0,0,0,0,0,0,0,0,2,0
SECURITY OFFICER,0,0,0,0,0,0,0,0,2,0,0,0,0,0,0,0,0,0
STARK’S ENGINEER,0,0,0,0,0,0,2,0,0,0,0,0,0,0,0,0,0,0
YOUNG COP,0,0,0,0,0,0,0,0,0,0,0,0,0,0,2,0,0,0
COUNCILMAN YEN,0,0,0,0,0,0,0,2,0,0,0,0,0,0,0,0,0,0
GUARDS,0,0,0,0,0,0,0,0,0,0,0,0,0,0,0,0,0,2
IAN,0,0,0,0,0,0,0,0,0,0,0,0,0,0,0,0,0,2
PARK RANGER,0,0,0,0,0,0,0,0,0,0,0,0,0,2,0,0,0,0
PARTY GUEST,0,1,0,0,0,0,0,0,0,0,0,0,1,0,0,0,0,0
CAR JACKER,0,0,0,0,0,0,0,0,0,0,0,0,0,2,0,0,0,0
FEMALE CARRIER BRIDGE TECH,0,0,0,0,0,0,0,0,0,0,0,0,0,0,2,0,0,0
GERMAN OLD MAN,0,0,0,0,0,0,0,0,0,0,0,0,0,0,2,0,0,0
GOVERNMENT OFFICIAL #2,0,0,0,0,0,0,0,0,0,0,0,0,2,0,0,0,0,0
GUARD #1,0,0,0,0,0,0,0,0,0,0,0,0,2,0,0,0,0,0
LIMBANI,0,0,0,0,2,0,0,0,0,0,0,0,0,0,0,0,0,0
SCANNER,0,0,0,0,0,0,0,0,2,0,0,0,0,0,0,0,0,0
SCIENTIST #1,0,0,0,0,0,0,0,2,0,0,0,0,0,0,0,0,0,0
UN STAFFER,0,0,0,0,0,2,0,0,0,0,0,0,0,0,0,0,0,0
WARDEN,0,0,0,0,0,0,0,0,0,0,0,0,0,0,0,0,2,0
BITCHING-BETTY,0,0,0,0,0,0,0,0,0,0,2,0,0,0,0,0,0,0
FRIGHTENED PILOT,0,0,0,0,0,0,0,0,0,2,0,0,0,0,0,0,0,0
HISTORY TEACHER,0,0,0,0,0,0,0,0,0,0,0,0,0,2,0,0,0,0
LINDA,0,0,0,0,2,0,0,0,0,0,0,0,0,0,0,0,0,0
MARTINEX,0,0,0,0,0,0,0,0,0,2,0,0,0,0,0,0,0,0
MILITANT LEADER,0,0,0,0,2,0,0,0,0,0,0,0,0,0,0,0,0,0
YOUNG BLACK KID,0,0,0,0,2,0,0,0,0,0,0,0,0,0,0,0,0,0
ALETA,0,0,0,0,0,0,0,0,0,2,0,0,0,0,0,0,0,0
AYO,0,0,0,0,2,0,0,0,0,0,0,0,0,0,0,0,0,0
COLLEGE GIRL 2,0,0,0,0,0,0,0,0,0,0,0,0,0,0,0,0,2,0
COUSIN CARLO,0,0,0,0,0,0,0,0,0,0,0,0,0,0,0,0,2,0
DODC AGENT,0,0,0,0,0,0,0,0,0,0,0,0,0,2,0,0,0,0
ELDERLY WOMAN,0,0,0,0,2,0,0,0,0,0,0,0,0,0,0,0,0,0
MARJORIE,0,0,0,0,0,0,0,0,0,0,0,0,0,2,0,0,0,0
OFFICER #2,0,0,0,0,0,0,0,0,0,0,0,0,2,0,0,0,0,0
PEPPER'S ASSISTANT,0,0,0,0,0,0,0,0,0,0,0,0,2,0,0,0,0,0
A1 NATASHA,0,0,2,0,0,0,0,0,0,0,0,0,0,0,0,0,0,0
BARTENDER,0,0,0,0,0,0,0,0,2,0,0,0,0,0,0,0,0,0
HIDEOUS RABBIT,1,0,0,0,0,0,0,0,0,0,0,0,0,0,0,0,0,0
HYDRA DISPATCH,0,0,0,0,0,0,0,2,0,0,0,0,0,0,0,0,0,0
JAN,0,0,0,0,0,0,2,0,0,0,0,0,0,0,0,0,0,0
PYM TECH SECURITY GUARD,2,0,0,0,0,0,0,0,0,0,0,0,0,0,0,0,0,0
TECH,0,0,0,0,0,0,0,0,0,0,0,0,0,2,0,0,0,0
SOLDIERS,0,1,0,0,0,0,1,0,0,0,0,0,0,0,0,0,0,0
FBI AGENT 1,0,0,0,0,0,0,0,0,0,0,0,0,0,2,0,0,0,0
REPORTER # 1,0,0,0,0,0,0,0,0,0,0,2,0,0,0,0,0,0,0
THAI WAITER,0,0,0,0,0,0,0,0,0,0,0,0,0,2,0,0,0,0
VANESSA,0,0,0,0,0,0,0,0,0,0,0,0,2,0,0,0,0,0
WOMAN ON TRAIN,0,0,0,0,0,0,0,0,0,0,0,0,0,0,0,0,0,2
A1 HULK,0,0,2,0,0,0,0,0,0,0,0,0,0,0,0,0,0,0
CHARLIE-27,0,0,0,0,0,0,0,0,0,2,0,0,0,0,0,0,0,0
DELI CLERK,0,0,0,0,0,0,0,0,0,0,0,0,0,2,0,0,0,0
FEMALE NURSE,0,0,0,0,0,0,0,2,0,0,0,0,0,0,0,0,0,0
HEATHER,0,0,0,0,0,0,0,0,0,0,0,0,2,0,0,0,0,0
HYDRA LIEUTENANT,0,0,0,0,0,0,2,0,0,0,0,0,0,0,0,0,0,0
MAIDEN,0,0,2,0,0,0,0,0,0,0,0,0,0,0,0,0,0,0
SKRULL TECH,0,0,0,0,0,0,0,0,2,0,0,0,0,0,0,0,0,0
STUDENTS,0,0,0,0,0,0,0,0,0,0,0,0,0,2,0,0,0,0
BOTH,0,0,0,0,0,0,0,0,0,0,0,0,2,0,0,0,0,0
CUSTODIAN,0,0,0,0,0,2,0,0,0,0,0,0,0,0,0,0,0,0
KLAUE'S MERCENARY,0,2,0,0,0,0,0,0,0,0,0,0,0,0,0,0,0,0
NAVID,0,0,0,0,0,0,0,0,0,0,0,0,0,0,0,0,0,2
YOUNG DOCTOR,0,0,0,0,0,0,2,0,0,0,0,0,0,0,0,0,0,0
BUCKY,0,0,0,0,2,0,0,0,0,0,0,0,0,0,0,0,0,0
SKRULL,0,0,0,0,0,0,0,0,2,0,0,0,0,0,0,0,0,0
DECATHLON TEAM,0,0,0,0,0,0,0,0,0,0,0,0,0,1,0,0,0,0
HAPPY'S NURSE,0,0,0,0,0,0,0,0,0,0,0,0,2,0,0,0,0,0
TV REPORTER’S VOICE,0,0,0,0,0,0,0,0,0,0,1,0,0,0,0,0,0,0
NARRATOR,0,0,0,0,0,0,0,0,0,0,1,0,0,0,0,0,0,0
VIDEO VOICE OVER,1,0,0,0,0,0,0,0,0,0,0,0,0,0,0,0,0,0
BBC ANCHOR,0,0,0,0,1,0,0,0,0,0,0,0,0,0,0,0,0,0
STONEHENGE TV NEWS REPORTER,0,0,0,0,0,0,0,0,0,0,0,0,0,0,0,0,0,1
ACTOR ODIN,0,0,0,0,0,0,0,0,0,0,0,0,0,0,0,0,1,0
MAC GARGAN,0,0,0,0,0,0,0,0,0,0,0,0,0,1,0,0,0,0
ASGARDIAN PA,0,0,0,1,0,0,0,0,0,0,0,0,0,0,0,0,0,0
THOR/SELVIG,0,0,0,0,0,0,0,0,0,0,0,0,0,0,0,1,0,0
HOSPITAL NEWS REPORTER,0,0,0,0,0,0,0,0,0,0,0,0,1,0,0,0,0,0
LIBRARIAN,0,0,0,0,0,0,0,0,0,0,0,0,0,0,0,1,0,0
MAN ON THE RADIO,0,0,0,0,0,0,1,0,0,0,0,0,0,0,0,0,0,0
WAITRESS,0,0,0,0,0,0,0,0,0,0,0,0,0,0,1,0,0,0
JOAN RIVERS,0,0,0,0,0,0,0,0,0,0,0,0,1,0,0,0,0,0
VERS' BROTHER,0,0,0,0,0,0,0,0,1,0,0,0,0,0,0,0,0,0
MALE REPORTER,0,0,0,0,0,0,0,0,0,0,0,0,0,0,1,0,0,0
THE SENATOR,0,0,0,0,0,0,0,0,0,0,0,0,0,0,1,0,0,0
STARK'S ASSISTANT,0,0,0,0,0,1,0,0,0,0,0,0,0,0,0,0,0,0
LOKI/STEVE,0,0,1,0,0,0,0,0,0,0,0,0,0,0,0,0,0,0
MR. COBBWELL,0,0,0,0,0,0,0,0,0,0,0,0,0,1,0,0,0,0
CULL OBSIDIAN,0,0,0,1,0,0,0,0,0,0,0,0,0,0,0,0,0,0
NEWS ANCHOR #2,0,0,0,0,0,1,0,0,0,0,0,0,0,0,0,0,0,0
NEWS ANCHOR #5,0,0,0,0,0,1,0,0,0,0,0,0,0,0,0,0,0,0
BILL MAHER,0,0,0,0,0,0,0,0,0,0,0,0,1,0,0,0,0,0
BOR,0,0,0,0,0,0,0,0,0,0,0,0,0,0,0,0,0,1
CRAMER,0,0,0,0,0,0,0,0,0,0,1,0,0,0,0,0,0,0
FRENCH AMBASSADOR,0,0,0,0,1,0,0,0,0,0,0,0,0,0,0,0,0,0
CHAD DAVIS,0,0,0,0,0,0,0,0,0,0,0,0,1,0,0,0,0,0
EXPO ANNOUNCER,0,0,0,0,0,0,1,0,0,0,0,0,0,0,0,0,0,0
PRIEST,0,0,0,0,0,1,0,0,0,0,0,0,0,0,0,0,0,0
ASGARDIAN NURSE,0,0,0,0,0,0,0,0,0,0,0,0,0,0,0,0,0,1
ATTACHE,0,0,0,0,0,1,0,0,0,0,0,0,0,0,0,0,0,0
BAILIFF,0,0,0,0,0,0,0,1,0,0,0,0,0,0,0,0,0,0
LITTLE BOY,0,0,0,0,0,0,0,0,0,0,0,0,1,0,0,0,0,0
NEWS ANCHOR #3,0,0,0,0,0,1,0,0,0,0,0,0,0,0,0,0,0,0
MALE CITIZEN,0,0,0,0,0,0,0,0,0,0,0,0,0,0,1,0,0,0
NIGERIAN MILITANT #2,0,0,0,0,1,0,0,0,0,0,0,0,0,0,0,0,0,0
NEWS REPORTER #1,0,0,0,0,0,0,0,0,0,0,0,0,1,0,0,0,0,0
TAXI DRIVER,0,0,0,0,0,0,1,0,0,0,0,0,0,0,0,0,0,0
CREW,0,0,0,0,0,0,0,0,0,0,0,0,1,0,0,0,0,0
OFFICER FITZGIBBON,0,0,0,0,0,0,0,0,0,1,0,0,0,0,0,0,0,0
SHIELD PILOT,0,0,0,0,0,0,0,1,0,0,0,0,0,0,0,0,0,0
A1 CLINT BARTON,0,0,1,0,0,0,0,0,0,0,0,0,0,0,0,0,0,0
BIKER,0,0,0,0,0,0,0,0,1,0,0,0,0,0,0,0,0,0
CADETS,0,0,0,0,0,0,0,0,1,0,0,0,0,0,0,0,0,0
MAN ON PA #1,0,0,0,0,0,1,0,0,0,0,0,0,0,0,0,0,0,0
MAN ON SPEAKERS,0,0,0,0,0,1,0,0,0,0,0,0,0,0,0,0,0,0
NOVAR,0,0,0,0,0,0,0,0,0,0,0,0,0,0,1,0,0,0
POLICE RADIO,1,0,0,0,0,0,0,0,0,0,0,0,0,0,0,0,0,0
PUSHY TABLOID REPORTER,0,0,0,0,0,0,0,0,0,0,0,0,1,0,0,0,0,0
AGENT JACKSON,0,0,0,0,0,0,0,0,0,0,0,0,0,0,0,1,0,0
JOSEPH DANVERS,0,0,0,0,0,0,0,0,1,0,0,0,0,0,0,0,0,0
MAN ON PA #2,0,0,0,0,0,1,0,0,0,0,0,0,0,0,0,0,0,0
NEWS REPORTER #4,0,0,0,0,0,0,0,0,0,0,0,0,1,0,0,0,0,0
BRAHL,0,0,0,0,0,0,0,0,0,1,0,0,0,0,0,0,0,0
COP ON SPEAKER,1,0,0,0,0,0,0,0,0,0,0,0,0,0,0,0,0,0
ENLISTMENT GUY,0,0,0,0,0,0,1,0,0,0,0,0,0,0,0,0,0,0
FACILITY MANAGER,0,0,0,0,0,0,1,0,0,0,0,0,0,0,0,0,0,0
HUSBAND,0,0,0,0,0,0,0,0,0,0,0,0,0,0,1,0,0,0
OLD FOOTAGE RECORDING,0,0,0,0,0,0,0,1,0,0,0,0,0,0,0,0,0,0
PET STORE CLERK,0,0,0,0,0,0,0,0,0,0,0,0,0,0,0,1,0,0
QUINJET PILOT,0,0,0,0,0,0,0,1,0,0,0,0,0,0,0,0,0,0
SHIELD ENGINEER,0,0,0,0,0,0,0,0,0,0,0,0,0,0,1,0,0,0
TYCOON,0,0,0,0,0,0,0,0,0,0,1,0,0,0,0,0,0,0
WIFE,0,0,0,0,0,0,0,0,0,0,0,0,0,0,1,0,0,0
25TH FLOOR STRIKE AGENT,0,0,0,0,0,0,0,1,0,0,0,0,0,0,0,0,0,0
AVENGERS JIMMY,0,0,1,0,0,0,0,0,0,0,0,0,0,0,0,0,0,0
BOY,0,0,0,0,0,0,0,0,1,0,0,0,0,0,0,0,0,0
CALCUTTA WOMAN,0,0,0,0,0,0,0,0,0,0,0,0,0,0,1,0,0,0
DOME CONTROL,0,0,0,1,0,0,0,0,0,0,0,0,0,0,0,0,0,0
FACELESS PILOT,0,0,0,0,0,0,0,0,0,0,0,0,0,0,1,0,0,0
GOVERNMENT EMPLOYEE,0,0,0,0,0,0,0,0,0,0,0,0,1,0,0,0,0,0
TEXT MESSAGE,0,0,0,0,0,0,0,1,0,0,0,0,0,0,0,0,0,0
ATTENDANT,0,0,0,0,0,0,0,0,0,0,1,0,0,0,0,0,0,0
AVENGERS KID,0,0,1,0,0,0,0,0,0,0,0,0,0,0,0,0,0,0
COUNCILMAN HAWLEY,0,0,0,0,0,0,0,1,0,0,0,0,0,0,0,0,0,0
HAMMER SECURITY GUARD,0,0,0,0,0,0,0,0,0,0,0,1,0,0,0,0,0,0
ROBBER 4,0,0,0,0,0,0,0,0,0,0,0,0,0,1,0,0,0,0
SOLDIER,0,0,0,0,0,0,0,0,0,0,1,0,0,0,0,0,0,0
ANNOUNCEMENT,0,0,0,0,0,0,0,0,0,0,0,1,0,0,0,0,0,0
ASGARDIAN EINHERJAR,0,0,0,0,0,0,0,0,0,0,0,0,0,0,0,0,0,1
ASGARDIAN MAN,0,0,0,0,0,0,0,0,0,0,0,0,0,0,0,0,1,0
BARKEEPER,0,0,0,0,0,0,1,0,0,0,0,0,0,0,0,0,0,0
DAY SLEEPER,0,0,0,0,0,0,0,0,0,0,0,0,0,1,0,0,0,0
EAGER TOWNIE,0,0,0,0,0,0,0,0,0,0,0,0,0,0,0,1,0,0
ELECTRONIC VOICE-OVER,0,0,0,0,0,0,0,0,1,0,0,0,0,0,0,0,0,0
FAMILIES,0,0,0,0,0,0,0,0,0,0,0,0,0,1,0,0,0,0
GAMORA'S MOTHER,0,0,0,1,0,0,0,0,0,0,0,0,0,0,0,0,0,0
HYDRA SOLDIER,0,0,0,0,0,0,1,0,0,0,0,0,0,0,0,0,0,0
MR. HAPGOOD,0,0,0,0,0,0,0,0,0,0,0,0,0,1,0,0,0,0
OFF SCREEN WORKER,0,0,0,0,0,0,0,0,0,0,0,0,0,0,1,0,0,0
OLD MAN,0,0,0,0,0,0,0,0,0,0,0,0,0,1,0,0,0,0
ORDERLY,0,0,0,0,0,0,0,0,0,0,0,0,0,0,0,1,0,0
PATIENT,0,0,0,0,0,0,0,0,0,0,0,0,0,0,0,0,0,1
SCIENTIST,0,0,0,0,0,0,0,0,0,0,0,0,0,0,1,0,0,0
VOICEMAIL,0,0,0,0,0,0,0,0,0,0,0,0,0,1,0,0,0,0
ZRINKA,0,1,0,0,0,0,0,0,0,0,0,0,0,0,0,0,0,0
ANTIQUE STORE OWNER,0,0,0,0,0,0,1,0,0,0,0,0,0,0,0,0,0,0
DODC CENTRAL,0,0,0,0,0,0,0,0,0,0,0,0,0,1,0,0,0,0
GOVERNMENT OFFICIAL #1,0,0,0,0,0,0,0,0,0,0,0,0,1,0,0,0,0,0
JOTUN SENTRY,0,0,0,0,0,0,0,0,0,0,0,0,0,0,0,1,0,0
KID IN THE BACKSEAT,0,0,0,0,0,0,0,0,0,0,1,0,0,0,0,0,0,0
KIDS IN USO AUDIENCE,0,0,0,0,0,0,1,0,0,0,0,0,0,0,0,0,0,0
KURSE,0,0,0,0,0,0,0,0,0,0,0,0,0,0,0,0,0,1
MANDY,0,0,0,0,0,0,1,0,0,0,0,0,0,0,0,0,0,0
NEWS REPORTER #3,0,0,0,0,0,0,0,0,0,0,0,0,1,0,0,0,0,0
REPORTER #3,0,0,0,0,0,0,0,0,0,0,1,0,0,0,0,0,0,0
RESIDENT 1,0,0,0,0,0,0,0,0,0,0,0,0,0,1,0,0,0,0
ROBBER 2,0,0,0,0,0,0,0,0,0,0,0,0,0,1,0,0,0,0
SECURITY CHIEF,0,0,0,0,0,1,0,0,0,0,0,0,0,0,0,0,0,0
SMITHSONIAN GUARD,0,0,0,0,0,0,0,1,0,0,0,0,0,0,0,0,0,0
"VERS, BRON-CHAR, KORATH, MINN-ERVA AND ATT-LASS",0,0,0,0,0,0,0,0,1,0,0,0,0,0,0,0,0,0
DODC DRIVER,0,0,0,0,0,0,0,0,0,0,0,0,0,1,0,0,0,0
DRILL INSTRUCTOR,0,0,0,0,0,0,0,0,1,0,0,0,0,0,0,0,0,0
FEMALE CITIZEN,0,0,0,0,0,0,0,0,0,0,0,0,0,0,1,0,0,0
HELICARRIER INTERCOM,0,0,0,0,0,0,0,0,0,0,0,0,0,0,1,0,0,0
JOTUN,0,0,0,0,0,0,0,0,0,0,0,0,0,0,0,1,0,0
SCRAPPER,0,0,0,0,0,0,0,0,0,0,0,0,0,0,0,0,1,0
SHIELD AGENT #1,0,0,0,0,0,0,0,1,0,0,0,0,0,0,0,0,0,0
WORLD HUB TECH,0,1,0,0,0,0,0,0,0,0,0,0,0,0,0,0,0,0
YOUNG SHIELD PILOT,0,0,0,0,0,0,0,0,0,0,0,0,0,0,1,0,0,0
911 OPERATOR,0,0,0,0,0,0,0,0,0,0,0,0,0,1,0,0,0,0
ARMY HECKLER#2,0,0,0,0,0,0,1,0,0,0,0,0,0,0,0,0,0,0
ARMY HECKLER#3,0,0,0,0,0,0,1,0,0,0,0,0,0,0,0,0,0,0
ARMY HECKLER#4,0,0,0,0,0,0,1,0,0,0,0,0,0,0,0,0,0,0
ASGARDIAN WOMAN,0,0,0,0,0,0,0,0,0,0,0,0,0,0,0,0,1,0
BORDER TRIBE COMMANDER,0,0,0,0,1,0,0,0,0,0,0,0,0,0,0,0,0,0
COUNCILMAN 2,0,0,0,0,0,0,0,0,0,0,0,0,0,0,1,0,0,0
FRENCH PIRATE #2,0,0,0,0,0,0,0,1,0,0,0,0,0,0,0,0,0,0
GSG-9 DRIVER,0,0,0,0,0,1,0,0,0,0,0,0,0,0,0,0,0,0
JACK ROLLINS,0,0,0,0,0,0,0,1,0,0,0,0,0,0,0,0,0,0
JAQUES DERNIER,0,0,0,0,0,0,1,0,0,0,0,0,0,0,0,0,0,0
MAINFRAME,0,0,0,0,0,0,0,0,0,1,0,0,0,0,0,0,0,0
MAN#1,0,0,0,0,0,0,1,0,0,0,0,0,0,0,0,0,0,0
MAN#2,0,0,0,0,0,0,1,0,0,0,0,0,0,0,0,0,0,0
MANDARIN LOOK-OUT,0,0,0,0,0,0,0,0,0,0,0,0,1,0,0,0,0,0
NASA SCIENTIST,0,0,0,0,0,0,0,0,0,0,0,0,0,0,1,0,0,0
NEWS REPORTER #2,0,0,0,0,0,0,0,0,0,0,0,0,1,0,0,0,0,0
PERSON,0,0,0,0,0,0,0,0,0,0,0,1,0,0,0,0,0,0
PRETTY MUCH EVERYONE IN THE CROWD,0,0,0,0,0,0,0,0,0,0,0,1,0,0,0,0,0,0
PYM TECH EMPLOYEE,1,0,0,0,0,0,0,0,0,0,0,0,0,0,0,0,0,0
RAMIREZ,0,0,0,0,0,0,0,0,0,0,1,0,0,0,0,0,0,0
RANDOM WOMAN,0,0,0,0,0,0,1,0,0,0,0,0,0,0,0,0,0,0
SPANISH TEACHER,0,0,0,0,0,0,0,0,0,0,0,0,0,1,0,0,0,0
SSR DOCTOR,0,0,0,0,0,0,1,0,0,0,0,0,0,0,0,0,0,0
TOURIST,0,0,0,0,0,0,0,0,0,0,0,0,0,1,0,0,0,0
VOICE FROM EARPIECE,0,0,0,0,0,0,1,0,0,0,0,0,0,0,0,0,0,0
WOMAN IN CROWD,0,0,0,0,0,0,0,0,0,0,0,1,0,0,0,0,0,0
CAB DRIVER,1,0,0,0,0,0,0,0,0,0,0,0,0,0,0,0,0,0
DRIVER,0,0,0,0,1,0,0,0,0,0,0,0,0,0,0,0,0,0
"ELDERS, WARRIORS, DORA",0,0,0,0,1,0,0,0,0,0,0,0,0,0,0,0,0,0
GOLDSTEIN,0,0,0,0,0,0,0,0,0,0,0,1,0,0,0,0,0,0
GRANDPA QUILL,0,0,0,0,0,0,0,0,0,1,0,0,0,0,0,0,0,0
HALF-NUT,0,0,0,0,0,0,0,0,0,1,0,0,0,0,0,0,0,0
IRON MAN KID,0,0,0,0,0,0,0,0,0,0,1,0,0,0,0,0,0,0
JASON/BETTY,0,0,0,0,0,0,0,0,0,0,0,0,0,1,0,0,0,0
KHALID,0,0,0,0,0,0,0,0,0,0,1,0,0,0,0,0,0,0
MAN IN CROWD,0,0,0,0,0,0,0,0,0,0,0,1,0,0,0,0,0,0
MERCENARY #2,0,0,0,0,0,1,0,0,0,0,0,0,0,0,0,0,0,0
OLDER MAN,0,0,1,0,0,0,0,0,0,0,0,0,0,0,0,0,0,0
PROPRIETOR,0,0,0,0,0,0,0,0,0,1,0,0,0,0,0,0,0,0
RESIDENT 2,0,0,0,0,0,0,0,0,0,0,0,0,0,1,0,0,0,0
SECOND GUARD,0,0,0,0,0,0,0,0,0,0,0,1,0,0,0,0,0,0
SHIELD AGENT #3,0,0,0,0,0,0,0,1,0,0,0,0,0,0,0,0,0,0
SOMEONE IN BACKGROUND,0,0,0,0,0,0,0,0,0,0,0,1,0,0,0,0,0,0
USO GIRL,0,0,0,0,0,0,1,0,0,0,0,0,0,0,0,0,0,0
WEASELLY THUG,0,0,0,0,0,0,0,0,0,0,0,0,0,0,1,0,0,0
WEIRD OLD MAN,0,0,0,0,0,0,0,0,0,1,0,0,0,0,0,0,0,0
ACTOR SIF,0,0,0,0,0,0,0,0,0,0,0,0,0,0,0,0,1,0
ASGARDIAN CITIZENS,0,0,0,0,0,0,0,0,0,0,0,0,0,0,0,0,1,0
BORDER TRIBE,0,0,0,0,1,0,0,0,0,0,0,0,0,0,0,0,0,0
CARGO TRUCK MILITANT,0,0,0,0,1,0,0,0,0,0,0,0,0,0,0,0,0,0
CHEERLEADER,0,0,0,0,0,0,0,0,0,0,0,0,0,1,0,0,0,0
CIA AGENT,0,0,0,0,1,0,0,0,0,0,0,0,0,0,0,0,0,0
CORPORAL,0,0,0,0,0,0,1,0,0,0,0,0,0,0,0,0,0,0
DOCTOR #1,0,0,0,0,0,0,0,1,0,0,0,0,0,0,0,0,0,0
ELK RIDGE,0,0,0,0,0,0,0,0,0,0,0,0,1,0,0,0,0,0
FBI AGENT 2,0,0,0,0,0,0,0,0,0,0,0,0,0,1,0,0,0,0
FRIEND,0,0,0,0,0,0,0,0,0,0,0,0,0,1,0,0,0,0
FURY AND MARIA,0,0,0,0,0,0,0,0,1,0,0,0,0,0,0,0,0,0
HYDRA TECHNICIANS,0,0,0,0,0,0,1,0,0,0,0,0,0,0,0,0,0,0
JOSEF / SUPER SOLDIER #1,0,0,0,0,0,1,0,0,0,0,0,0,0,0,0,0,0,0
JOTUN VOICE,0,0,0,0,0,0,0,0,0,0,0,0,0,0,0,1,0,0
MAINTENANCE GUY,0,0,0,0,0,0,0,0,0,0,0,0,0,0,1,0,0,0
MALE VOICE,0,0,0,0,0,0,0,0,0,0,0,0,0,1,0,0,0,0
NIGERIAN WOMAN,0,0,0,0,1,0,0,0,0,0,0,0,0,0,0,0,0,0
PEOPLE,0,0,0,0,0,0,0,0,0,0,0,1,0,0,0,0,0,0
POOL BBQ DAD,1,0,0,0,0,0,0,0,0,0,0,0,0,0,0,0,0,0
PYM TECH GATE GUARD,1,0,0,0,0,0,0,0,0,0,0,0,0,0,0,0,0,0
ROBBER 3,0,0,0,0,0,0,0,0,0,0,0,0,0,1,0,0,0,0
SCURRILOUS RAVAGER,0,0,0,0,0,0,0,0,0,1,0,0,0,0,0,0,0,0
SOUTH AFRICAN TOUGH,0,0,0,0,1,0,0,0,0,0,0,0,0,0,0,0,0,0
SOVEREIGN PILOT,0,0,0,0,0,0,0,0,0,1,0,0,0,0,0,0,0,0
STRIKE AGENT #2,0,0,0,0,0,0,0,1,0,0,0,0,0,0,0,0,0,0
TOWNIE,0,0,0,0,0,0,0,0,0,0,0,0,0,0,0,1,0,0
VOLSTAGG / HOGUN,0,0,0,0,0,0,0,0,0,0,0,0,0,0,0,1,0,0
WAKANDAN CHILD,0,0,0,0,1,0,0,0,0,0,0,0,0,0,0,0,0,0
WAKANDAN CHILDREN,0,0,0,0,1,0,0,0,0,0,0,0,0,0,0,0,0,0
AGENT DELANCEY,0,0,0,0,0,0,0,0,0,0,0,0,0,0,0,1,0,0
ANNIE,0,0,0,0,0,0,0,0,0,0,0,0,0,1,0,0,0,0
BALLET INSTRUCTOR,0,1,0,0,0,0,0,0,0,0,0,0,0,0,0,0,0,0
DUBAI BEAUTY #1,0,0,0,0,0,0,0,0,0,0,1,0,0,0,0,0,0,0
DURAND,0,0,0,0,0,0,0,1,0,0,0,0,0,0,0,0,0,0
HYDRA GUARDS,0,0,0,0,0,0,1,0,0,0,0,0,0,0,0,0,0,0
JACQUES DERNIER,0,0,0,0,0,0,1,0,0,0,0,0,0,0,0,0,0,0
LIZ/NED,0,0,0,0,0,0,0,0,0,0,0,0,0,1,0,0,0,0
MERCENARY,0,0,0,0,0,1,0,0,0,0,0,0,0,0,0,0,0,0
MUFFLED VOICE,0,0,1,0,0,0,0,0,0,0,0,0,0,0,0,0,0,0
ROSE HILL CHRISTMAS TREE SHOPPER,0,0,0,0,0,0,0,0,0,0,0,0,1,0,0,0,0,0
SHURI/NAKIA,0,0,0,0,1,0,0,0,0,0,0,0,0,0,0,0,0,0
SOH-LARR,0,0,0,0,0,0,0,0,1,0,0,0,0,0,0,0,0,0
STRIKE AGENT #1,0,0,0,0,0,0,0,1,0,0,0,0,0,0,0,0,0,0
STRIKE AGENT #3,0,0,0,0,0,0,0,1,0,0,0,0,0,0,0,0,0,0
TALL RAVAGER,0,0,0,0,0,0,0,0,0,1,0,0,0,0,0,0,0,0
TENT KIDS,0,0,0,0,0,0,0,0,0,0,0,0,0,1,0,0,0,0
THOMAS RICHARDS,0,0,0,0,0,0,0,0,0,0,0,0,1,0,0,0,0,0
THOR / BANNER,0,0,0,0,0,0,0,0,0,0,0,0,0,0,0,0,1,0
